USE [LCFMSystem]
GO
INSERT [dbo].[Users] ([Id], [FirstName], [MiddleName], [LastName], [OTP], [OTPExpiry], [CreatedDate], [IsActive], [UserName], [NormalizedUserName], [Email], [NormalizedEmail], [EmailConfirmed], [PasswordHash], [SecurityStamp], [ConcurrencyStamp], [PhoneNumber], [PhoneNumberConfirmed], [TwoFactorEnabled], [LockoutEnd], [LockoutEnabled], [AccessFailedCount], [CreatedBy], [UpdatedBy], [UpdatedDate]) VALUES (N'b7cb123b-458f-4f1b-4f1a-08ddae253e30', NULL, NULL, NULL, NULL, NULL, CAST(N'2025-06-18T05:01:53.5376954' AS DateTime2), 1, N'Admin', N'ADMIN', N'admin@a', N'ADMIN@A', 1, N'AQAAAAIAAYagAAAAEEgS+v8zYPkf1w1o/UgKw6DSjAg6i9WFBElR3oi+gkaGUz0bnips9UrHipP0G7NBzQ==', N'J7IC4IDDDYTXO44Q3IWARMNLNT5WZWHP', N'd84a60ef-57f7-494d-8e0d-5d8e205c13d6', NULL, 1, 0, NULL, 1, 0, N'00000000-0000-0000-0000-000000000000', NULL, NULL)
INSERT [dbo].[Users] ([Id], [FirstName], [MiddleName], [LastName], [OTP], [OTPExpiry], [CreatedDate], [IsActive], [UserName], [NormalizedUserName], [Email], [NormalizedEmail], [EmailConfirmed], [PasswordHash], [SecurityStamp], [ConcurrencyStamp], [PhoneNumber], [PhoneNumberConfirmed], [TwoFactorEnabled], [LockoutEnd], [LockoutEnabled], [AccessFailedCount], [CreatedBy], [UpdatedBy], [UpdatedDate]) VALUES (N'8808c9fb-825e-4bd2-fea2-08ddae35a557', N'Thai', NULL, N'Nguyen', NULL, NULL, CAST(N'2025-06-18T06:59:18.5199577' AS DateTime2), 1, N'woker1', N'WOKER1', N'duya1k20nl4@gmail.com', N'DUYA1K20NL4@GMAIL.COM', 0, N'AQAAAAIAAYagAAAAEGGhPLaCBVXVM8gKmJ8dHbLPJchCMCWhncUYvQ3hbKZndo12sABJkdi9QdvKChb2Qw==', N'26J3KMWBO6NGYICWQQRLAT6S3ZI7AU7J', N'51d206dd-451c-4648-baf3-0e67a4d7205f', NULL, 0, 0, NULL, 1, 0, N'00000000-0000-0000-0000-000000000000', NULL, NULL)
INSERT [dbo].[Users] ([Id], [FirstName], [MiddleName], [LastName], [OTP], [OTPExpiry], [CreatedDate], [IsActive], [UserName], [NormalizedUserName], [Email], [NormalizedEmail], [EmailConfirmed], [PasswordHash], [SecurityStamp], [ConcurrencyStamp], [PhoneNumber], [PhoneNumberConfirmed], [TwoFactorEnabled], [LockoutEnd], [LockoutEnabled], [AccessFailedCount], [CreatedBy], [UpdatedBy], [UpdatedDate]) VALUES (N'11c6f1e6-b739-4743-fea3-08ddae35a557', N'Thai', NULL, N'Nguyen', NULL, NULL, CAST(N'2025-06-18T07:01:14.5724085' AS DateTime2), 1, N'techstaff1', N'TECHSTAFF1', N'tech14@gmail.com', N'TECH14@GMAIL.COM', 0, N'AQAAAAIAAYagAAAAEFK+Q1v96ggumV3V4GtVVaBpFohUFKdMJTzd+dt8JE1beAPmQ40O64spyc1yHSRSJA==', N'KMGAI2FEAVZN6L5RNHMGWUTZGWY2IRK6', N'44475195-bb70-47e7-976f-bd523a08b2b6', NULL, 0, 0, NULL, 1, 0, N'00000000-0000-0000-0000-000000000000', NULL, NULL)
INSERT [dbo].[Users] ([Id], [FirstName], [MiddleName], [LastName], [OTP], [OTPExpiry], [CreatedDate], [IsActive], [UserName], [NormalizedUserName], [Email], [NormalizedEmail], [EmailConfirmed], [PasswordHash], [SecurityStamp], [ConcurrencyStamp], [PhoneNumber], [PhoneNumberConfirmed], [TwoFactorEnabled], [LockoutEnd], [LockoutEnabled], [AccessFailedCount], [CreatedBy], [UpdatedBy], [UpdatedDate]) VALUES (N'0a2014c2-305d-409b-e351-08ddae7516df', N'Thai', NULL, N'Nguyen', NULL, NULL, CAST(N'2025-06-18T14:33:27.3265500' AS DateTime2), 1, N'hoangthai', N'HOANGTHAI', N'duylche176566@fpt.edu.vn', N'DUYLCHE176566@FPT.EDU.VN', 1, N'AQAAAAIAAYagAAAAEInymAWnGYrcRDnpX4YM698Gyguh+B9R2+HDNnDd+RiogA2RcszEAIhYS5+ydBeeLg==', N'EXY3L34M5PIXA3QBTSJQKDDW77Z6VMF3', N'57cee225-7e62-4e8a-baf8-f6c9b130d1d2', NULL, 0, 0, NULL, 1, 0, N'00000000-0000-0000-0000-000000000000', NULL, NULL)
GO
INSERT [dbo].[Barns] ([Id], [BarnName], [Address], [Image], [WorkerId], [IsActive], [CreatedDate], [UpdatedDate], [CreatedBy], [UpdatedBy]) VALUES (N'e1d40884-ff30-407a-8934-0a580d2bd57a', N'Chuồng 1 của anh A', N'Nghe An', N'https://res.cloudinary.com/dpgk5pqt9/image/upload/v1750423993/barn/gnqszpknq0khn4ktrscr.jpg', N'8808c9fb-825e-4bd2-fea2-08ddae35a557', 1, CAST(N'2025-06-20T19:53:13.0027165' AS DateTime2), NULL, N'00000000-0000-0000-0000-000000000000', NULL)
INSERT [dbo].[Barns] ([Id], [BarnName], [Address], [Image], [WorkerId], [IsActive], [CreatedDate], [UpdatedDate], [CreatedBy], [UpdatedBy]) VALUES (N'24c11e3e-f060-4da8-a1fa-3f25a2e8495c', N'Chuong 2 cua anh a', N'Nghe An', N'https://res.cloudinary.com/dpgk5pqt9/image/upload/v1750866236/barn/jc9daiw2f0j7tplff5kn.png', N'8808c9fb-825e-4bd2-fea2-08ddae35a557', 1, CAST(N'2025-06-25T22:43:56.0346100' AS DateTime2), NULL, N'00000000-0000-0000-0000-000000000000', NULL)
GO
INSERT [dbo].[BreedCategories] ([Id], [Name], [Description], [IsActive], [CreatedDate], [UpdatedDate], [CreatedBy], [UpdatedBy]) VALUES (N'5ae0976d-a8f5-403f-8d53-03b27ca86437', N'Duck Breed', N'Giống Vịt', 1, CAST(N'2025-06-18T14:07:52.5877431' AS DateTime2), NULL, N'00000000-0000-0000-0000-000000000000', NULL)
INSERT [dbo].[BreedCategories] ([Id], [Name], [Description], [IsActive], [CreatedDate], [UpdatedDate], [CreatedBy], [UpdatedBy]) VALUES (N'ec9de5bf-ca06-4b7e-95e4-2a07d1ac8c61', N'string', N'string', 1, CAST(N'2025-06-21T20:44:57.4478769' AS DateTime2), CAST(N'2025-06-21T20:47:37.4159063' AS DateTime2), N'00000000-0000-0000-0000-000000000000', N'00000000-0000-0000-0000-000000000000')
GO
INSERT [dbo].[Breeds] ([Id], [BreedName], [BreedCategoryId], [Stock], [IsActive], [CreatedDate], [UpdatedDate], [CreatedBy], [UpdatedBy]) VALUES (N'0e91e0c8-4317-4c76-866e-84df2c240a5f', N'Super CM', N'5ae0976d-a8f5-403f-8d53-03b27ca86437', 5000, 1, CAST(N'2025-06-18T14:10:22.5835648' AS DateTime2), NULL, N'00000000-0000-0000-0000-000000000000', NULL)
INSERT [dbo].[Breeds] ([Id], [BreedName], [BreedCategoryId], [Stock], [IsActive], [CreatedDate], [UpdatedDate], [CreatedBy], [UpdatedBy]) VALUES (N'29404756-b99a-4126-bb20-e8909923cc8b', N'Super VM', N'5ae0976d-a8f5-403f-8d53-03b27ca86437', 4000, 1, CAST(N'2025-06-18T14:09:55.0561159' AS DateTime2), NULL, N'00000000-0000-0000-0000-000000000000', NULL)
GO
INSERT [dbo].[LivestockCircles] ([Id], [LivestockCircleName], [Status], [StartDate], [EndDate], [TotalUnit], [DeadUnit], [AverageWeight], [GoodUnitNumber], [BadUnitNumber], [BreedId], [BarnId], [TechicalStaffId], [IsActive], [CreatedDate], [UpdatedDate], [CreatedBy], [UpdatedBy]) VALUES (N'f289a64e-667d-4534-9378-66189c406964', N'Lứa 1', N'Đang Nuôi', CAST(N'2025-06-18T12:54:15.9890000' AS DateTime2), CAST(N'0001-01-01T00:00:00.0000000' AS DateTime2), 5000, 30, 0, 5000, 30, N'0e91e0c8-4317-4c76-866e-84df2c240a5f', N'e1d40884-ff30-407a-8934-0a580d2bd57a', N'11c6f1e6-b739-4743-fea3-08ddae35a557', 1, CAST(N'2025-06-20T19:57:02.6690184' AS DateTime2), CAST(N'2025-06-21T22:05:50.9586162' AS DateTime2), N'00000000-0000-0000-0000-000000000000', N'00000000-0000-0000-0000-000000000000')
GO
INSERT [dbo].[Bills] ([Id], [UserRequestId], [LivestockCircleId], [Name], [Note], [Total], [Weight], [IsActive], [CreatedDate], [UpdatedDate], [CreatedBy], [UpdatedBy], [Status]) VALUES (N'2f541598-d320-4f28-bbdc-6b7ae9e1f012', N'11c6f1e6-b739-4743-fea3-08ddae35a557', N'f289a64e-667d-4534-9378-66189c406964', N'Yêu cầu thức ăn - 6/30/2025 2:12:01 PM', N'string', 300, 0, 1, CAST(N'2025-06-30T21:12:01.2405896' AS DateTime2), CAST(N'2025-06-30T21:15:25.3537357' AS DateTime2), N'00000000-0000-0000-0000-000000000000', N'00000000-0000-0000-0000-000000000000', N'CONFIRMED')
INSERT [dbo].[Bills] ([Id], [UserRequestId], [LivestockCircleId], [Name], [Note], [Total], [Weight], [IsActive], [CreatedDate], [UpdatedDate], [CreatedBy], [UpdatedBy], [Status]) VALUES (N'3afbcb9c-bc33-4b14-81b5-aa0a441bd338', N'11c6f1e6-b739-4743-fea3-08ddae35a557', N'f289a64e-667d-4534-9378-66189c406964', N'string', N'string', 190, 0, 1, CAST(N'2025-06-21T19:13:38.7948198' AS DateTime2), CAST(N'2025-06-21T19:51:43.3429327' AS DateTime2), N'00000000-0000-0000-0000-000000000000', N'00000000-0000-0000-0000-000000000000', N'Đang duyệt')
GO
INSERT [dbo].[FoodCategories] ([Id], [Name], [Description], [IsActive], [CreatedDate], [UpdatedDate], [CreatedBy], [UpdatedBy]) VALUES (N'981e5edd-0dd5-4d86-85cf-38c9158d5f16', N'DF', N'Thức ăn của giống vịt thịt', 1, CAST(N'2025-06-18T14:02:35.9623948' AS DateTime2), CAST(N'2025-06-21T20:22:53.7026005' AS DateTime2), N'00000000-0000-0000-0000-000000000000', N'00000000-0000-0000-0000-000000000000')
INSERT [dbo].[FoodCategories] ([Id], [Name], [Description], [IsActive], [CreatedDate], [UpdatedDate], [CreatedBy], [UpdatedBy]) VALUES (N'489194b9-7b3d-4c41-b99b-7aedef61f512', N'PF', N'Thức ăn của giống lợn thịt', 1, CAST(N'2025-06-18T14:02:45.6626665' AS DateTime2), NULL, N'00000000-0000-0000-0000-000000000000', NULL)
GO
INSERT [dbo].[Foods] ([Id], [FoodName], [FoodCategoryId], [Stock], [WeighPerUnit], [IsActive], [CreatedDate], [UpdatedDate], [CreatedBy], [UpdatedBy]) VALUES (N'f4dc103e-0268-406c-9f5c-273b6595b071', N'C62', N'981e5edd-0dd5-4d86-85cf-38c9158d5f16', 3700, 40, 1, CAST(N'2025-06-20T19:28:19.7705574' AS DateTime2), CAST(N'2025-06-30T21:14:52.1079903' AS DateTime2), N'00000000-0000-0000-0000-000000000000', N'00000000-0000-0000-0000-000000000000')
INSERT [dbo].[Foods] ([Id], [FoodName], [FoodCategoryId], [Stock], [WeighPerUnit], [IsActive], [CreatedDate], [UpdatedDate], [CreatedBy], [UpdatedBy]) VALUES (N'0aec7fd5-d602-469d-bb24-bf23367ac821', N'string', N'981e5edd-0dd5-4d86-85cf-38c9158d5f16', 5000, 40, 0, CAST(N'2025-06-21T21:14:20.0805359' AS DateTime2), CAST(N'2025-06-21T21:20:16.5666216' AS DateTime2), N'00000000-0000-0000-0000-000000000000', N'00000000-0000-0000-0000-000000000000')
INSERT [dbo].[Foods] ([Id], [FoodName], [FoodCategoryId], [Stock], [WeighPerUnit], [IsActive], [CreatedDate], [UpdatedDate], [CreatedBy], [UpdatedBy]) VALUES (N'1c9391e2-75d6-443a-9808-fe79202d7c42', N'B14S', N'981e5edd-0dd5-4d86-85cf-38c9158d5f16', 4000, 40, 1, CAST(N'2025-06-20T19:26:35.4835424' AS DateTime2), NULL, N'00000000-0000-0000-0000-000000000000', NULL)
GO
INSERT [dbo].[MedicineCategories] ([Id], [Name], [Description], [IsActive], [CreatedDate], [UpdatedDate], [CreatedBy], [UpdatedBy]) VALUES (N'1214c7ce-412e-4780-b920-de4169dea229', N'Vaccine', N'Thuốc tiêm', 1, CAST(N'2025-06-18T14:03:43.9396589' AS DateTime2), NULL, N'00000000-0000-0000-0000-000000000000', NULL)
GO
INSERT [dbo].[Medicines] ([Id], [MedicineName], [MedicineCategoryId], [Stock], [IsActive], [CreatedDate], [UpdatedDate], [CreatedBy], [UpdatedBy]) VALUES (N'ba865eca-14fe-4d4c-a0fd-7805468e1e96', N'Vaccine dịch tả', N'1214c7ce-412e-4780-b920-de4169dea229', 2000, 1, CAST(N'2025-06-20T19:33:21.4745490' AS DateTime2), NULL, N'00000000-0000-0000-0000-000000000000', NULL)
INSERT [dbo].[Medicines] ([Id], [MedicineName], [MedicineCategoryId], [Stock], [IsActive], [CreatedDate], [UpdatedDate], [CreatedBy], [UpdatedBy]) VALUES (N'9e94dcdf-9173-4f04-8589-f7d9186a8854', N'string - string', N'1214c7ce-412e-4780-b920-de4169dea229', 2147483647, 1, CAST(N'2025-06-30T05:23:10.8808026' AS DateTime2), NULL, N'00000000-0000-0000-0000-000000000000', NULL)
GO
INSERT [dbo].[BillItems] ([Id], [BillId], [FoodId], [MedicineId], [BreedId], [Stock], [IsActive], [CreatedDate], [UpdatedDate], [CreatedBy], [UpdatedBy]) VALUES (N'4f202865-0a19-4f44-aaa9-0c49871d3b59', N'3afbcb9c-bc33-4b14-81b5-aa0a441bd338', N'1c9391e2-75d6-443a-9808-fe79202d7c42', NULL, NULL, 50, 0, CAST(N'2025-06-21T19:13:38.8981522' AS DateTime2), CAST(N'2025-06-21T19:51:43.3207155' AS DateTime2), N'00000000-0000-0000-0000-000000000000', N'00000000-0000-0000-0000-000000000000')
INSERT [dbo].[BillItems] ([Id], [BillId], [FoodId], [MedicineId], [BreedId], [Stock], [IsActive], [CreatedDate], [UpdatedDate], [CreatedBy], [UpdatedBy]) VALUES (N'819a217b-0592-470b-b08b-b8b0f466155f', N'2f541598-d320-4f28-bbdc-6b7ae9e1f012', N'f4dc103e-0268-406c-9f5c-273b6595b071', NULL, NULL, 300, 1, CAST(N'2025-06-30T21:12:01.3271521' AS DateTime2), NULL, N'00000000-0000-0000-0000-000000000000', NULL)
INSERT [dbo].[BillItems] ([Id], [BillId], [FoodId], [MedicineId], [BreedId], [Stock], [IsActive], [CreatedDate], [UpdatedDate], [CreatedBy], [UpdatedBy]) VALUES (N'822aed05-ec56-46f9-b77f-c828fba385a8', N'3afbcb9c-bc33-4b14-81b5-aa0a441bd338', N'f4dc103e-0268-406c-9f5c-273b6595b071', NULL, NULL, 80, 1, CAST(N'2025-06-21T19:39:32.8817627' AS DateTime2), NULL, N'00000000-0000-0000-0000-000000000000', NULL)
INSERT [dbo].[BillItems] ([Id], [BillId], [FoodId], [MedicineId], [BreedId], [Stock], [IsActive], [CreatedDate], [UpdatedDate], [CreatedBy], [UpdatedBy]) VALUES (N'661868d3-b3b6-4845-a2eb-d603e4a2a31d', N'3afbcb9c-bc33-4b14-81b5-aa0a441bd338', N'1c9391e2-75d6-443a-9808-fe79202d7c42', NULL, NULL, 60, 1, CAST(N'2025-06-21T19:13:38.8464322' AS DateTime2), CAST(N'2025-06-21T19:16:24.5727380' AS DateTime2), N'00000000-0000-0000-0000-000000000000', N'00000000-0000-0000-0000-000000000000')
GO
INSERT [dbo].[DailyReports] ([Id], [LivestockCircleId], [DeadUnit], [GoodUnit], [BadUnit], [Note], [IsActive], [CreatedDate], [UpdatedDate], [CreatedBy], [UpdatedBy], [AgeInDays], [Status]) VALUES (N'9cb2343b-d41f-47e3-b5ad-0351d058c670', N'f289a64e-667d-4534-9378-66189c406964', 0, 0, 0, N'string', 1, CAST(N'2025-06-21T22:05:50.7958062' AS DateTime2), NULL, N'00000000-0000-0000-0000-000000000000', NULL, 3, N'Hoạt Động')
INSERT [dbo].[DailyReports] ([Id], [LivestockCircleId], [DeadUnit], [GoodUnit], [BadUnit], [Note], [IsActive], [CreatedDate], [UpdatedDate], [CreatedBy], [UpdatedBy], [AgeInDays], [Status]) VALUES (N'3ca11a27-9e5d-4969-8dd9-1aff604a2a91', N'f289a64e-667d-4534-9378-66189c406964', 10, 0, 10, N'ok', 1, CAST(N'2025-06-18T20:06:34.7995286' AS DateTime2), NULL, N'00000000-0000-0000-0000-000000000000', NULL, 0, N'Hoạt Động')
INSERT [dbo].[DailyReports] ([Id], [LivestockCircleId], [DeadUnit], [GoodUnit], [BadUnit], [Note], [IsActive], [CreatedDate], [UpdatedDate], [CreatedBy], [UpdatedBy], [AgeInDays], [Status]) VALUES (N'7cc75dad-5ac3-4137-8a8f-f60c7d5dfe0c', N'f289a64e-667d-4534-9378-66189c406964', 20, 0, 20, N'update này', 1, CAST(N'2025-06-20T20:08:52.0980190' AS DateTime2), CAST(N'2025-06-20T21:34:20.4919063' AS DateTime2), N'00000000-0000-0000-0000-000000000000', N'00000000-0000-0000-0000-000000000000', 2, N'Hoạt Động')
GO
INSERT [dbo].[FoodReports] ([Id], [FoodId], [ReportId], [Quantity], [IsActive], [CreatedDate], [UpdatedDate], [CreatedBy], [UpdatedBy]) VALUES (N'ff4b5690-d1c9-4b3f-ab85-5b86481b00f6', N'f4dc103e-0268-406c-9f5c-273b6595b071', N'3ca11a27-9e5d-4969-8dd9-1aff604a2a91', 10, 1, CAST(N'2025-06-20T20:06:35.3385288' AS DateTime2), NULL, N'00000000-0000-0000-0000-000000000000', NULL)
INSERT [dbo].[FoodReports] ([Id], [FoodId], [ReportId], [Quantity], [IsActive], [CreatedDate], [UpdatedDate], [CreatedBy], [UpdatedBy]) VALUES (N'1ec89800-26c9-4ad5-814e-a3d52bccd2ab', N'f4dc103e-0268-406c-9f5c-273b6595b071', N'7cc75dad-5ac3-4137-8a8f-f60c7d5dfe0c', 20, 1, CAST(N'2025-06-20T20:08:52.6649104' AS DateTime2), CAST(N'2025-06-20T21:34:20.8420124' AS DateTime2), N'00000000-0000-0000-0000-000000000000', N'00000000-0000-0000-0000-000000000000')
INSERT [dbo].[FoodReports] ([Id], [FoodId], [ReportId], [Quantity], [IsActive], [CreatedDate], [UpdatedDate], [CreatedBy], [UpdatedBy]) VALUES (N'fdaa987c-0020-4e92-8c96-f2075463d0f0', N'f4dc103e-0268-406c-9f5c-273b6595b071', N'9cb2343b-d41f-47e3-b5ad-0351d058c670', 30, 1, CAST(N'2025-06-21T22:05:51.6375225' AS DateTime2), NULL, N'00000000-0000-0000-0000-000000000000', NULL)
GO
INSERT [dbo].[ImageDailyReports] ([Id], [DailyReportId], [Thumnail], [ImageLink], [IsActive], [CreatedDate], [UpdatedDate], [CreatedBy], [UpdatedBy]) VALUES (N'd4720a30-a39a-4b6f-a2d9-03305ab8bc36', N'9cb2343b-d41f-47e3-b5ad-0351d058c670', N'true', N'https://res.cloudinary.com/dpgk5pqt9/image/upload/v1750518357/daily-reports/v0khohuhcw0cyg6cu4fj.jpg', 1, CAST(N'2025-06-21T22:05:58.3661113' AS DateTime2), NULL, N'00000000-0000-0000-0000-000000000000', NULL)
INSERT [dbo].[ImageDailyReports] ([Id], [DailyReportId], [Thumnail], [ImageLink], [IsActive], [CreatedDate], [UpdatedDate], [CreatedBy], [UpdatedBy]) VALUES (N'5c64ac4f-3b78-4b43-a73f-1be0e582dab5', N'3ca11a27-9e5d-4969-8dd9-1aff604a2a91', N'true', N'https://res.cloudinary.com/dpgk5pqt9/image/upload/v1750424797/daily-reports/k9c58ikpswfsxqvhten5.jpg', 1, CAST(N'2025-06-20T20:06:37.9846988' AS DateTime2), NULL, N'00000000-0000-0000-0000-000000000000', NULL)
INSERT [dbo].[ImageDailyReports] ([Id], [DailyReportId], [Thumnail], [ImageLink], [IsActive], [CreatedDate], [UpdatedDate], [CreatedBy], [UpdatedBy]) VALUES (N'24d0314a-1642-4a21-a122-395c6d76c1d6', N'9cb2343b-d41f-47e3-b5ad-0351d058c670', N'false', N'https://res.cloudinary.com/dpgk5pqt9/image/upload/v1750518359/daily-reports/gk3cwl1mdvmailvixihv.jpg', 1, CAST(N'2025-06-21T22:06:00.0655793' AS DateTime2), NULL, N'00000000-0000-0000-0000-000000000000', NULL)
INSERT [dbo].[ImageDailyReports] ([Id], [DailyReportId], [Thumnail], [ImageLink], [IsActive], [CreatedDate], [UpdatedDate], [CreatedBy], [UpdatedBy]) VALUES (N'543ab810-5b4e-40a8-86b8-434e67099dda', N'3ca11a27-9e5d-4969-8dd9-1aff604a2a91', N'false', N'https://res.cloudinary.com/dpgk5pqt9/image/upload/v1750424799/daily%20-%20reports/ilzvvkiwmn5djdxtu7bx.jpg', 1, CAST(N'2025-06-20T20:06:38.6723225' AS DateTime2), NULL, N'00000000-0000-0000-0000-000000000000', NULL)
INSERT [dbo].[ImageDailyReports] ([Id], [DailyReportId], [Thumnail], [ImageLink], [IsActive], [CreatedDate], [UpdatedDate], [CreatedBy], [UpdatedBy]) VALUES (N'573083a7-5b26-466e-adae-a85463101082', N'7cc75dad-5ac3-4137-8a8f-f60c7d5dfe0c', N'true', N'https://res.cloudinary.com/dpgk5pqt9/image/upload/v1750430065/daily-reports/k8aznf3beqnue5mg0kbj.png', 1, CAST(N'2025-06-20T21:34:24.8689106' AS DateTime2), NULL, N'00000000-0000-0000-0000-000000000000', NULL)
INSERT [dbo].[ImageDailyReports] ([Id], [DailyReportId], [Thumnail], [ImageLink], [IsActive], [CreatedDate], [UpdatedDate], [CreatedBy], [UpdatedBy]) VALUES (N'2664b336-031e-4ec1-83db-ce665a0f2b77', N'7cc75dad-5ac3-4137-8a8f-f60c7d5dfe0c', N'false', N'https://res.cloudinary.com/dpgk5pqt9/image/upload/v1750430066/daily-reports/hq0b7pavkafwaiu0mksh.png', 1, CAST(N'2025-06-20T21:34:25.9456115' AS DateTime2), NULL, N'00000000-0000-0000-0000-000000000000', NULL)
GO
INSERT [dbo].[MedicineReports] ([Id], [MedicineId], [ReportId], [Quantity], [IsActive], [CreatedDate], [UpdatedDate], [CreatedBy], [UpdatedBy]) VALUES (N'54b2d555-3d5c-465c-bd41-0b75adeef53d', N'ba865eca-14fe-4d4c-a0fd-7805468e1e96', N'9cb2343b-d41f-47e3-b5ad-0351d058c670', 30, 1, CAST(N'2025-06-21T22:05:51.7726411' AS DateTime2), NULL, N'00000000-0000-0000-0000-000000000000', NULL)
INSERT [dbo].[MedicineReports] ([Id], [MedicineId], [ReportId], [Quantity], [IsActive], [CreatedDate], [UpdatedDate], [CreatedBy], [UpdatedBy]) VALUES (N'14392326-d46c-4d29-9fd3-203c015079a0', N'ba865eca-14fe-4d4c-a0fd-7805468e1e96', N'7cc75dad-5ac3-4137-8a8f-f60c7d5dfe0c', 20, 1, CAST(N'2025-06-20T20:08:52.7639752' AS DateTime2), CAST(N'2025-06-20T21:34:20.9325752' AS DateTime2), N'00000000-0000-0000-0000-000000000000', N'00000000-0000-0000-0000-000000000000')
INSERT [dbo].[MedicineReports] ([Id], [MedicineId], [ReportId], [Quantity], [IsActive], [CreatedDate], [UpdatedDate], [CreatedBy], [UpdatedBy]) VALUES (N'ee3d5ace-725b-4272-adca-e340f382f662', N'ba865eca-14fe-4d4c-a0fd-7805468e1e96', N'3ca11a27-9e5d-4969-8dd9-1aff604a2a91', 10, 1, CAST(N'2025-06-20T20:06:35.4731883' AS DateTime2), NULL, N'00000000-0000-0000-0000-000000000000', NULL)
GO
INSERT [dbo].[Roles] ([Id], [Name], [NormalizedName], [ConcurrencyStamp], [CreatedBy], [CreatedDate], [IsActive], [UpdatedBy], [UpdatedDate]) VALUES (N'60b3644e-3c52-421c-c59c-08ddae253dec', N'Company Admin', N'COMPANY ADMIN', NULL, N'00000000-0000-0000-0000-000000000000', CAST(N'2025-06-18T12:01:53.2122960' AS DateTime2), 1, NULL, NULL)
INSERT [dbo].[Roles] ([Id], [Name], [NormalizedName], [ConcurrencyStamp], [CreatedBy], [CreatedDate], [IsActive], [UpdatedBy], [UpdatedDate]) VALUES (N'a4015a88-ffb2-4ea5-c59d-08ddae253dec', N'Technical Staff', N'TECHNICAL STAFF', NULL, N'00000000-0000-0000-0000-000000000000', CAST(N'2025-06-18T12:01:53.4789192' AS DateTime2), 1, NULL, NULL)
INSERT [dbo].[Roles] ([Id], [Name], [NormalizedName], [ConcurrencyStamp], [CreatedBy], [CreatedDate], [IsActive], [UpdatedBy], [UpdatedDate]) VALUES (N'b6d8934c-622f-4f28-c59e-08ddae253dec', N'Feed Room Staff', N'FEED ROOM STAFF', NULL, N'00000000-0000-0000-0000-000000000000', CAST(N'2025-06-18T12:01:53.4934071' AS DateTime2), 1, NULL, NULL)
INSERT [dbo].[Roles] ([Id], [Name], [NormalizedName], [ConcurrencyStamp], [CreatedBy], [CreatedDate], [IsActive], [UpdatedBy], [UpdatedDate]) VALUES (N'c6709ac5-8f7b-4cf6-c59f-08ddae253dec', N'Medicine Room Staff', N'MEDICINE ROOM STAFF', NULL, N'00000000-0000-0000-0000-000000000000', CAST(N'2025-06-18T12:01:53.5046077' AS DateTime2), 1, NULL, NULL)
INSERT [dbo].[Roles] ([Id], [Name], [NormalizedName], [ConcurrencyStamp], [CreatedBy], [CreatedDate], [IsActive], [UpdatedBy], [UpdatedDate]) VALUES (N'4057770e-ccdf-4ea4-c5a0-08ddae253dec', N'Weighing Room Staff', N'WEIGHING ROOM STAFF', NULL, N'00000000-0000-0000-0000-000000000000', CAST(N'2025-06-18T12:01:53.5197707' AS DateTime2), 1, NULL, NULL)
INSERT [dbo].[Roles] ([Id], [Name], [NormalizedName], [ConcurrencyStamp], [CreatedBy], [CreatedDate], [IsActive], [UpdatedBy], [UpdatedDate]) VALUES (N'afbac9cf-4655-4876-c5a1-08ddae253dec', N'Worker', N'WORKER', NULL, N'00000000-0000-0000-0000-000000000000', CAST(N'2025-06-18T12:01:53.5257091' AS DateTime2), 1, NULL, NULL)
INSERT [dbo].[Roles] ([Id], [Name], [NormalizedName], [ConcurrencyStamp], [CreatedBy], [CreatedDate], [IsActive], [UpdatedBy], [UpdatedDate]) VALUES (N'0049a0e3-88c4-4047-c5a2-08ddae253dec', N'Sales Staff', N'SALES STAFF', NULL, N'00000000-0000-0000-0000-000000000000', CAST(N'2025-06-18T12:01:53.5292481' AS DateTime2), 1, NULL, NULL)
INSERT [dbo].[Roles] ([Id], [Name], [NormalizedName], [ConcurrencyStamp], [CreatedBy], [CreatedDate], [IsActive], [UpdatedBy], [UpdatedDate]) VALUES (N'56f5c73a-c072-44fe-c5a3-08ddae253dec', N'Customer', N'CUSTOMER', NULL, N'00000000-0000-0000-0000-000000000000', CAST(N'2025-06-18T12:01:53.5333307' AS DateTime2), 1, NULL, NULL)
GO
INSERT [dbo].[UserRoles] ([UserId], [RoleId]) VALUES (N'b7cb123b-458f-4f1b-4f1a-08ddae253e30', N'60b3644e-3c52-421c-c59c-08ddae253dec')
INSERT [dbo].[UserRoles] ([UserId], [RoleId]) VALUES (N'11c6f1e6-b739-4743-fea3-08ddae35a557', N'a4015a88-ffb2-4ea5-c59d-08ddae253dec')
INSERT [dbo].[UserRoles] ([UserId], [RoleId]) VALUES (N'0a2014c2-305d-409b-e351-08ddae7516df', N'a4015a88-ffb2-4ea5-c59d-08ddae253dec')
INSERT [dbo].[UserRoles] ([UserId], [RoleId]) VALUES (N'8808c9fb-825e-4bd2-fea2-08ddae35a557', N'afbac9cf-4655-4876-c5a1-08ddae253dec')
GO
SET IDENTITY_INSERT [dbo].[RefreshTokens] ON 

INSERT [dbo].[RefreshTokens] ([Id], [Token], [Expires], [Created], [CreatedByIp], [Revoked], [RevokedByIp], [ReplacedByToken], [UserId]) VALUES (1, N'0E8224FC0E44075B5739D16F3C90EA351E34C19E33498D6A7558E1B01F1BB0B8EFB9F7815645A6F0', CAST(N'2025-06-25T14:34:55.8201241' AS DateTime2), CAST(N'2025-06-18T14:34:55.8202296' AS DateTime2), N'0.0.0.1', NULL, NULL, NULL, N'0a2014c2-305d-409b-e351-08ddae7516df')
SET IDENTITY_INSERT [dbo].[RefreshTokens] OFF
GO
INSERT [dbo].[ImageBreeds] ([Id], [BreedId], [Thumnail], [ImageLink], [IsActive], [CreatedDate], [UpdatedDate], [CreatedBy], [UpdatedBy]) VALUES (N'022928c1-f401-4c01-b065-7f620cd8e882', N'29404756-b99a-4126-bb20-e8909923cc8b', N'true', N'https://res.cloudinary.com/dpgk5pqt9/image/upload/v1750230596/breed/e4wtjcqmfpvr25kbmkrx.jpg', 1, CAST(N'2025-06-18T14:09:57.3947403' AS DateTime2), NULL, N'00000000-0000-0000-0000-000000000000', NULL)
INSERT [dbo].[ImageBreeds] ([Id], [BreedId], [Thumnail], [ImageLink], [IsActive], [CreatedDate], [UpdatedDate], [CreatedBy], [UpdatedBy]) VALUES (N'6dc08be3-1a95-4b19-997d-c0efbd3cffa8', N'0e91e0c8-4317-4c76-866e-84df2c240a5f', N'false', N'https://res.cloudinary.com/dpgk5pqt9/image/upload/v1750230623/breed/sv9z2wctqfzaqi8q5nph.jpg', 1, CAST(N'2025-06-18T14:10:24.5263574' AS DateTime2), NULL, N'00000000-0000-0000-0000-000000000000', NULL)
INSERT [dbo].[ImageBreeds] ([Id], [BreedId], [Thumnail], [ImageLink], [IsActive], [CreatedDate], [UpdatedDate], [CreatedBy], [UpdatedBy]) VALUES (N'a8ba89a7-ff55-42da-9aa6-c54e08b89c86', N'0e91e0c8-4317-4c76-866e-84df2c240a5f', N'true', N'https://res.cloudinary.com/dpgk5pqt9/image/upload/v1750230622/breed/jel9mk9wqw1juz1snks6.jpg', 1, CAST(N'2025-06-18T14:10:23.8285732' AS DateTime2), NULL, N'00000000-0000-0000-0000-000000000000', NULL)
INSERT [dbo].[ImageBreeds] ([Id], [BreedId], [Thumnail], [ImageLink], [IsActive], [CreatedDate], [UpdatedDate], [CreatedBy], [UpdatedBy]) VALUES (N'8b50ba10-3451-4ca9-9b8d-f2c586b069f1', N'29404756-b99a-4126-bb20-e8909923cc8b', N'false', N'https://res.cloudinary.com/dpgk5pqt9/image/upload/v1750230597/breed/hp7z8njubfbkrlveaaq5.jpg', 1, CAST(N'2025-06-18T14:09:58.0964063' AS DateTime2), NULL, N'00000000-0000-0000-0000-000000000000', NULL)
GO
INSERT [dbo].[ImageFoods] ([Id], [FoodId], [Thumnail], [ImageLink], [IsActive], [CreatedDate], [UpdatedDate], [CreatedBy], [UpdatedBy]) VALUES (N'19dfcd2d-a9e2-4171-952c-0e23ecf6b6c4', N'f4dc103e-0268-406c-9f5c-273b6595b071', N'true', N'https://res.cloudinary.com/dpgk5pqt9/image/upload/v1750422503/food/cg9s1uaf58abelcyn9pr.png', 1, CAST(N'2025-06-20T19:28:23.2988103' AS DateTime2), NULL, N'00000000-0000-0000-0000-000000000000', NULL)
INSERT [dbo].[ImageFoods] ([Id], [FoodId], [Thumnail], [ImageLink], [IsActive], [CreatedDate], [UpdatedDate], [CreatedBy], [UpdatedBy]) VALUES (N'80514892-45a1-4f7f-bdb9-46ae7aad57f0', N'0aec7fd5-d602-469d-bb24-bf23367ac821', N'false', N'https://res.cloudinary.com/dpgk5pqt9/image/upload/v1750515474/food/p5vibwum8xyfwgc0t3cc.jpg', 1, CAST(N'2025-06-21T21:17:54.7835061' AS DateTime2), NULL, N'00000000-0000-0000-0000-000000000000', NULL)
INSERT [dbo].[ImageFoods] ([Id], [FoodId], [Thumnail], [ImageLink], [IsActive], [CreatedDate], [UpdatedDate], [CreatedBy], [UpdatedBy]) VALUES (N'd567bbb6-a6f6-48de-8777-522e7e99f725', N'f4dc103e-0268-406c-9f5c-273b6595b071', N'false', N'https://res.cloudinary.com/dpgk5pqt9/image/upload/v1750422505/food/vuzubj6phymtxab6llnl.png', 1, CAST(N'2025-06-20T19:28:25.8565103' AS DateTime2), NULL, N'00000000-0000-0000-0000-000000000000', NULL)
INSERT [dbo].[ImageFoods] ([Id], [FoodId], [Thumnail], [ImageLink], [IsActive], [CreatedDate], [UpdatedDate], [CreatedBy], [UpdatedBy]) VALUES (N'53228dc3-0a9c-49cc-b906-5a7b6142a166', N'0aec7fd5-d602-469d-bb24-bf23367ac821', N'true', N'https://res.cloudinary.com/dpgk5pqt9/image/upload/v1750515473/food/jnfcq6jkpqxr349yuexo.jpg', 1, CAST(N'2025-06-21T21:17:53.8916989' AS DateTime2), NULL, N'00000000-0000-0000-0000-000000000000', NULL)
INSERT [dbo].[ImageFoods] ([Id], [FoodId], [Thumnail], [ImageLink], [IsActive], [CreatedDate], [UpdatedDate], [CreatedBy], [UpdatedBy]) VALUES (N'fe944b45-11a9-45e1-9aaa-6e8d70f3af4b', N'f4dc103e-0268-406c-9f5c-273b6595b071', N'false', N'https://res.cloudinary.com/dpgk5pqt9/image/upload/v1750422508/food/tmzpswlngwn9ntqbnxyc.png', 1, CAST(N'2025-06-20T19:28:28.6655740' AS DateTime2), NULL, N'00000000-0000-0000-0000-000000000000', NULL)
INSERT [dbo].[ImageFoods] ([Id], [FoodId], [Thumnail], [ImageLink], [IsActive], [CreatedDate], [UpdatedDate], [CreatedBy], [UpdatedBy]) VALUES (N'715ab1b8-a15d-41e5-b618-9e18f4985d32', N'1c9391e2-75d6-443a-9808-fe79202d7c42', N'false', N'https://res.cloudinary.com/dpgk5pqt9/image/upload/v1750422408/food/pttxjiba9hdplzyyum6q.png', 1, CAST(N'2025-06-20T19:26:48.6482435' AS DateTime2), NULL, N'00000000-0000-0000-0000-000000000000', NULL)
INSERT [dbo].[ImageFoods] ([Id], [FoodId], [Thumnail], [ImageLink], [IsActive], [CreatedDate], [UpdatedDate], [CreatedBy], [UpdatedBy]) VALUES (N'09691d04-dca3-41de-86dc-c252a75fcf33', N'1c9391e2-75d6-443a-9808-fe79202d7c42', N'true', N'https://res.cloudinary.com/dpgk5pqt9/image/upload/v1750422403/food/yjkpjgqwdrbsaht15f5p.png', 1, CAST(N'2025-06-20T19:26:43.5378737' AS DateTime2), NULL, N'00000000-0000-0000-0000-000000000000', NULL)
GO
INSERT [dbo].[LivestockCircleFoods] ([Id], [LivestockCircleId], [FoodId], [Remaining], [IsActive], [CreatedDate], [UpdatedDate], [CreatedBy], [UpdatedBy]) VALUES (N'f289a64e-667d-4534-9378-66189c406969', N'f289a64e-667d-4534-9378-66189c406964', N'f4dc103e-0268-406c-9f5c-273b6595b071', 540, 1, CAST(N'2025-06-20T19:28:19.7705574' AS DateTime2), CAST(N'2025-06-30T21:15:25.3528437' AS DateTime2), N'00000000-0000-0000-0000-000000000000', N'00000000-0000-0000-0000-000000000000')
GO
INSERT [dbo].[ImageMedicines] ([Id], [MedicineId], [Thumnail], [ImageLink], [IsActive], [CreatedDate], [UpdatedDate], [CreatedBy], [UpdatedBy]) VALUES (N'b4269bc1-d812-4da0-8837-01e1d10dd55e', N'ba865eca-14fe-4d4c-a0fd-7805468e1e96', N'false', N'https://res.cloudinary.com/dpgk5pqt9/image/upload/v1750422804/medicine/th1ucwnz5tbpjhgdk3hi.jpg', 1, CAST(N'2025-06-20T19:33:24.6905063' AS DateTime2), NULL, N'00000000-0000-0000-0000-000000000000', NULL)
INSERT [dbo].[ImageMedicines] ([Id], [MedicineId], [Thumnail], [ImageLink], [IsActive], [CreatedDate], [UpdatedDate], [CreatedBy], [UpdatedBy]) VALUES (N'5b962fa4-41f6-4585-9041-6f8018e5d993', N'9e94dcdf-9173-4f04-8589-f7d9186a8854', N'true', N'https://res.cloudinary.com/dpgk5pqt9/image/upload/v1751235796/medicine/lffx2in6oz8ohwzh8qyu.jpg', 1, CAST(N'2025-06-30T05:23:13.4643210' AS DateTime2), NULL, N'00000000-0000-0000-0000-000000000000', NULL)
INSERT [dbo].[ImageMedicines] ([Id], [MedicineId], [Thumnail], [ImageLink], [IsActive], [CreatedDate], [UpdatedDate], [CreatedBy], [UpdatedBy]) VALUES (N'00172a10-e0c6-4327-b811-a02def93c3ae', N'ba865eca-14fe-4d4c-a0fd-7805468e1e96', N'true', N'https://res.cloudinary.com/dpgk5pqt9/image/upload/v1750422803/medicine/gk6vyumtr6mgrqpjhhig.jpg', 1, CAST(N'2025-06-20T19:33:23.6974543' AS DateTime2), NULL, N'00000000-0000-0000-0000-000000000000', NULL)
INSERT [dbo].[ImageMedicines] ([Id], [MedicineId], [Thumnail], [ImageLink], [IsActive], [CreatedDate], [UpdatedDate], [CreatedBy], [UpdatedBy]) VALUES (N'e3a57c06-23dc-43a1-9cdf-ea62f5ae7aef', N'9e94dcdf-9173-4f04-8589-f7d9186a8854', N'false', N'https://res.cloudinary.com/dpgk5pqt9/image/upload/v1751235796/medicine/muk18yfycwraq0plf2he.jpg', 1, CAST(N'2025-06-30T05:23:14.1942093' AS DateTime2), NULL, N'00000000-0000-0000-0000-000000000000', NULL)
GO
INSERT [dbo].[LivestockCircleMedicines] ([Id], [LivestockCircleId], [MedicineId], [Remaining], [IsActive], [CreatedDate], [UpdatedDate], [CreatedBy], [UpdatedBy]) VALUES (N'ba865eca-14fe-4d4c-a0fd-7805468e1e90', N'f289a64e-667d-4534-9378-66189c406964', N'ba865eca-14fe-4d4c-a0fd-7805468e1e96', 340, 1, CAST(N'2025-06-20T19:28:19.7705574' AS DateTime2), CAST(N'2025-06-21T22:05:51.7725075' AS DateTime2), N'00000000-0000-0000-0000-000000000000', N'00000000-0000-0000-0000-000000000000')
GO
INSERT [dbo].[__EFMigrationsHistory] ([MigrationId], [ProductVersion]) VALUES (N'20250613122524_IdentityInitial1', N'8.0.1')
INSERT [dbo].[__EFMigrationsHistory] ([MigrationId], [ProductVersion]) VALUES (N'20250616143408_UpdateIdentityModels', N'8.0.1')
INSERT [dbo].[__EFMigrationsHistory] ([MigrationId], [ProductVersion]) VALUES (N'20250616231311_AddDomainEntities', N'8.0.1')
INSERT [dbo].[__EFMigrationsHistory] ([MigrationId], [ProductVersion]) VALUES (N'20250617170649_AddRefreshToken', N'8.0.1')
INSERT [dbo].[__EFMigrationsHistory] ([MigrationId], [ProductVersion]) VALUES (N'20250617173519_AddRefreshToken_1', N'8.0.1')
INSERT [dbo].[__EFMigrationsHistory] ([MigrationId], [ProductVersion]) VALUES (N'20250620112737_UpdateAttributeDailyReportandBill', N'8.0.1')
INSERT [dbo].[__EFMigrationsHistory] ([MigrationId], [ProductVersion]) VALUES (N'20250620125045_updatetablenameUsersandRoles', N'8.0.1')
INSERT [dbo].[__EFMigrationsHistory] ([MigrationId], [ProductVersion]) VALUES (N'20250626044309_livetockCircleConnect', N'8.0.1')
GO
